State,countyFIPS,County Name,population,2/5/2020,2/19/2020,3/4/2020,3/18/2020,4/1/2020,4/15/2020,4/29/2020,5/13/2020,5/27/2020,6/10/2020,6/24/2020,7/8/2020,7/22/2020,8/5/2020,8/19/2020,9/2/2020,9/16/2020,9/30/2020,10/14/2020,10/28/2020
CA,6000,Grand Princess Cruise Ship,0,0.0,0.0,0.0,21.0,0.0,0.0,0.0,0.0,0.0,0.0,0.0,0.0,0.0,0.0,0.0,0.0,0.0,0.0,0.0,0.0
CA,6001,Alameda County,1671329,0.0,0.0,1.0,30.0,328.0,603.0,606.0,610.0,871.0,984.0,1242.0,1970.0,2398.0,2493.0,3700.0,2859.0,1402.0,1286.0,942.0,1251.0
CA,6003,Alpine County,1129,0.0,0.0,0.0,0.0,1.0,1.0,0.0,0.0,0.0,0.0,0.0,0.0,0.0,0.0,0.0,0.0,0.0,0.0,1.0,0.0
CA,6005,Amador County,39752,0.0,0.0,0.0,1.0,2.0,4.0,1.0,1.0,1.0,0.0,9.0,16.0,30.0,91.0,62.0,19.0,10.0,10.0,14.0,31.0
CA,6007,Butte County,219186,0.0,0.0,0.0,0.0,9.0,7.0,0.0,4.0,20.0,33.0,54.0,168.0,388.0,346.0,465.0,714.0,430.0,166.0,144.0,165.0
CA,6009,Calaveras County,45905,0.0,0.0,0.0,2.0,1.0,8.0,2.0,0.0,2.0,6.0,8.0,13.0,52.0,42.0,45.0,76.0,48.0,17.0,9.0,16.0
CA,6011,Colusa County,21547,0.0,0.0,0.0,0.0,1.0,2.0,0.0,0.0,2.0,2.0,7.0,84.0,144.0,117.0,59.0,48.0,33.0,36.0,10.0,8.0
CA,6013,Contra Costa County,1153526,0.0,0.0,1.0,40.0,209.0,365.0,247.0,218.0,295.0,423.0,725.0,1718.0,1961.0,2122.0,3562.0,2225.0,1433.0,1352.0,970.0,1011.0
CA,6015,Del Norte County,27812,0.0,0.0,0.0,0.0,0.0,2.0,1.0,1.0,39.0,4.0,2.0,9.0,21.0,11.0,22.0,12.0,9.0,11.0,27.0,9.0
CA,6017,El Dorado County,192843,0.0,0.0,0.0,0.0,18.0,17.0,9.0,16.0,21.0,30.0,42.0,111.0,222.0,216.0,175.0,103.0,71.0,99.0,113.0,105.0
CA,6019,Fresno County,999101,0.0,0.0,0.0,3.0,79.0,183.0,273.0,476.0,617.0,687.0,1574.0,3032.0,4488.0,4860.0,5526.0,3744.0,1770.0,1309.0,958.0,1517.0
CA,6021,Glenn County,28393,0.0,0.0,0.0,0.0,2.0,2.0,1.0,2.0,6.0,10.0,51.0,79.0,98.0,95.0,77.0,44.0,72.0,58.0,38.0,44.0
CA,6023,Humboldt County,135558,0.0,0.0,1.0,0.0,27.0,24.0,2.0,13.0,31.0,7.0,17.0,35.0,43.0,45.0,88.0,64.0,82.0,30.0,33.0,26.0
CA,6025,Imperial County,181215,0.0,0.0,0.0,2.0,41.0,74.0,202.0,328.0,796.0,1943.0,2163.0,1915.0,1335.0,747.0,758.0,442.0,689.0,473.0,426.0,649.0
CA,6027,Inyo County,18039,0.0,0.0,0.0,0.0,9.0,8.0,2.0,0.0,0.0,3.0,5.0,7.0,6.0,24.0,85.0,33.0,5.0,1.0,21.0,31.0
CA,6029,Kern County,900202,0.0,0.0,0.0,0.0,126.0,427.0,313.0,477.0,598.0,1001.0,1166.0,1651.0,5429.0,10245.0,5751.0,2418.0,1474.0,1052.0,1017.0,969.0
CA,6031,Kings County,152940,0.0,0.0,0.0,0.0,5.0,8.0,67.0,268.0,354.0,986.0,546.0,521.0,845.0,853.0,1178.0,754.0,740.0,726.0,250.0,145.0
CA,6033,Lake County,64386,0.0,0.0,0.0,0.0,0.0,5.0,1.0,2.0,11.0,11.0,11.0,59.0,58.0,54.0,69.0,69.0,68.0,15.0,206.0,63.0
CA,6035,Lassen County,30573,0.0,0.0,0.0,0.0,0.0,0.0,0.0,0.0,5.0,1.0,5.0,23.0,14.0,17.0,638.0,12.0,14.0,12.0,8.0,16.0
CA,6037,Los Angeles County,10039107,1.0,0.0,6.0,183.0,3328.0,6978.0,11989.0,11943.0,14272.0,18364.0,22426.0,33514.0,41866.0,33042.0,27915.0,18108.0,12213.0,14151.0,14717.0,18353.0
CA,6039,Madera County,157327,0.0,0.0,0.0,1.0,24.0,8.0,13.0,23.0,25.0,84.0,192.0,487.0,673.0,584.0,1122.0,640.0,354.0,327.0,251.0,249.0
CA,6041,Marin County,258826,0.0,0.0,0.0,15.0,93.0,63.0,64.0,40.0,155.0,205.0,379.0,1887.0,393.0,1896.0,642.0,398.0,246.0,253.0,210.0,168.0
CA,6043,Mariposa County,17203,0.0,0.0,0.0,0.0,0.0,0.0,1.0,14.0,1.0,0.0,5.0,10.0,10.0,18.0,2.0,12.0,2.0,1.0,1.0,3.0
CA,6045,Mendocino County,86749,0.0,0.0,0.0,1.0,3.0,0.0,8.0,1.0,12.0,11.0,36.0,26.0,129.0,129.0,223.0,137.0,92.0,146.0,101.0,99.0
CA,6047,Merced County,277680,0.0,0.0,0.0,0.0,10.0,68.0,40.0,62.0,98.0,109.0,354.0,961.0,1292.0,1766.0,2469.0,893.0,523.0,316.0,325.0,302.0
CA,6049,Modoc County,8841,0.0,0.0,0.0,0.0,0.0,0.0,0.0,0.0,0.0,0.0,0.0,0.0,0.0,4.0,1.0,7.0,0.0,0.0,15.0,18.0
CA,6051,Mono County,14444,0.0,0.0,0.0,0.0,18.0,5.0,3.0,7.0,2.0,2.0,3.0,8.0,43.0,56.0,15.0,0.0,1.0,3.0,7.0,9.0
CA,6053,Monterey County,434061,0.0,0.0,0.0,2.0,40.0,58.0,106.0,160.0,182.0,243.0,606.0,873.0,1275.0,1504.0,1736.0,1364.0,940.0,998.0,740.0,711.0
CA,6055,Napa County,137744,0.0,0.0,0.0,0.0,18.0,20.0,29.0,14.0,28.0,52.0,90.0,202.0,232.0,322.0,275.0,170.0,123.0,149.0,108.0,160.0
CA,6057,Nevada County,99755,0.0,0.0,0.0,1.0,25.0,8.0,7.0,0.0,0.0,9.0,41.0,64.0,87.0,75.0,77.0,56.0,46.0,45.0,35.0,56.0
CA,6059,Orange County,3175692,1.0,0.0,2.0,39.0,564.0,770.0,876.0,1497.0,1897.0,2091.0,3279.0,9209.0,11518.0,6388.0,6376.0,4438.0,2314.0,2492.0,2532.0,2930.0
CA,6061,Placer County,398329,0.0,0.0,2.0,7.0,69.0,51.0,16.0,25.0,24.0,120.0,242.0,414.0,509.0,519.0,665.0,399.0,291.0,243.0,249.0,403.0
CA,6063,Plumas County,18807,0.0,0.0,0.0,0.0,1.0,3.0,0.0,0.0,0.0,0.0,3.0,3.0,17.0,6.0,7.0,3.0,6.0,1.0,2.0,24.0
CA,6065,Riverside County,2470546,0.0,0.0,0.0,16.0,413.0,1676.0,1837.0,1401.0,1909.0,2659.0,4994.0,7052.0,10025.0,6995.0,9653.0,4676.0,2895.0,3204.0,3495.0,4399.0
CA,6067,Sacramento County,1552058,0.0,0.0,2.0,38.0,274.0,539.0,215.0,115.0,136.0,323.0,798.0,2336.0,3195.0,2273.0,4516.0,3653.0,2247.0,1994.0,1406.0,1822.0
CA,6069,San Benito County,62808,2.0,0.0,0.0,3.0,18.0,18.0,9.0,8.0,25.0,26.0,82.0,113.0,190.0,200.0,178.0,251.0,122.0,65.0,80.0,54.0
CA,6071,San Bernardino County,2180085,0.0,0.0,0.0,5.0,249.0,742.0,932.0,1225.0,1624.0,1816.0,3814.0,6179.0,9189.0,8462.0,8710.0,5298.0,3007.0,3951.0,3733.0,4914.0
CA,6073,San Diego County,3338330,0.0,2.0,0.0,73.0,774.0,1163.0,1420.0,1846.0,1705.0,1854.0,2789.0,6216.0,7265.0,5757.0,4512.0,3745.0,4324.0,3735.0,4147.0,4213.0
CA,6075,San Francisco County,881549,0.0,0.0,0.0,51.0,383.0,579.0,477.0,504.0,414.0,401.0,440.0,822.0,1388.0,1622.0,1447.0,1089.0,873.0,785.0,437.0,529.0
CA,6077,San Joaquin County,762148,0.0,0.0,0.0,14.0,147.0,203.0,176.0,98.0,196.0,475.0,1433.0,3075.0,3778.0,2439.0,3345.0,2399.0,1845.0,788.0,689.0,888.0
CA,6079,San Luis Obispo County,283111,0.0,0.0,0.0,7.0,76.0,41.0,57.0,51.0,34.0,40.0,167.0,372.0,548.0,577.0,609.0,456.0,258.0,319.0,321.0,307.0
CA,6081,San Mateo County,766573,0.0,0.0,2.0,78.0,308.0,359.0,389.0,379.0,448.0,512.0,486.0,782.0,1033.0,982.0,1563.0,990.0,931.0,708.0,672.0,610.0
CA,6083,Santa Barbara County,446499,0.0,0.0,0.0,3.0,108.0,223.0,151.0,891.0,248.0,240.0,726.0,1218.0,1474.0,1304.0,922.0,721.0,512.0,423.0,356.0,366.0
CA,6085,Santa Clara County,1927852,2.0,1.0,21.0,366.0,799.0,654.0,291.0,247.0,307.0,344.0,800.0,1720.0,2769.0,2807.0,3957.0,2717.0,1958.0,1619.0,1422.0,1757.0
CA,6087,Santa Cruz County,273213,0.0,0.0,0.0,13.0,41.0,42.0,31.0,19.0,59.0,34.0,91.0,173.0,345.0,348.0,350.0,332.0,218.0,298.0,239.0,215.0
CA,6089,Shasta County,180080,0.0,0.0,0.0,1.0,6.0,18.0,6.0,1.0,4.0,11.0,45.0,79.0,97.0,136.0,111.0,60.0,70.0,230.0,748.0,331.0
CA,6091,Sierra County,3005,0.0,0.0,0.0,0.0,0.0,0.0,0.0,0.0,1.0,0.0,0.0,0.0,0.0,2.0,3.0,0.0,0.0,0.0,0.0,0.0
CA,6093,Siskiyou County,43539,0.0,0.0,0.0,0.0,3.0,2.0,0.0,0.0,1.0,8.0,12.0,7.0,22.0,34.0,25.0,26.0,18.0,8.0,17.0,31.0
CA,6095,Solano County,447643,0.0,0.0,0.0,8.0,46.0,87.0,113.0,143.0,105.0,115.0,447.0,858.0,1060.0,902.0,1059.0,645.0,399.0,432.0,489.0,572.0
CA,6097,Sonoma County,494336,0.0,0.0,1.0,7.0,83.0,69.0,72.0,101.0,191.0,147.0,285.0,531.0,754.0,967.0,1454.0,1255.0,821.0,674.0,1146.0,936.0
CA,6099,Stanislaus County,550660,0.0,0.0,0.0,5.0,39.0,133.0,162.0,187.0,151.0,346.0,766.0,1215.0,3980.0,2375.0,3576.0,1967.0,1175.0,435.0,618.0,630.0
CA,6101,Sutter County,96971,0.0,0.0,0.0,0.0,14.0,10.0,6.0,6.0,6.0,25.0,60.0,175.0,265.0,314.0,305.0,250.0,172.0,112.0,65.0,104.0
CA,6103,Tehama County,65084,0.0,0.0,0.0,0.0,0.0,1.0,0.0,0.0,3.0,8.0,47.0,39.0,67.0,92.0,83.0,84.0,49.0,108.0,141.0,190.0
CA,6105,Trinity County,12285,0.0,0.0,0.0,0.0,0.0,0.0,0.0,0.0,1.0,1.0,0.0,0.0,1.0,2.0,3.0,5.0,2.0,1.0,4.0,8.0
CA,6107,Tulare County,466195,0.0,0.0,0.0,5.0,54.0,293.0,274.0,642.0,528.0,636.0,1101.0,1765.0,2305.0,2475.0,2758.0,1606.0,1044.0,781.0,748.0,715.0
CA,6109,Tuolumne County,54478,0.0,0.0,0.0,0.0,1.0,1.0,0.0,0.0,2.0,3.0,8.0,43.0,51.0,35.0,22.0,20.0,30.0,11.0,15.0,43.0
CA,6111,Ventura County,846006,0.0,0.0,0.0,13.0,147.0,205.0,152.0,208.0,292.0,387.0,856.0,1598.0,2191.0,1904.0,1441.0,1412.0,1036.0,945.0,704.0,756.0
CA,6113,Yolo County,220500,0.0,0.0,0.0,5.0,23.0,88.0,47.0,16.0,26.0,22.0,159.0,374.0,465.0,411.0,482.0,333.0,259.0,115.0,185.0,224.0
CA,6115,Yuba County,78668,0.0,0.0,0.0,0.0,8.0,7.0,2.0,8.0,3.0,5.0,16.0,98.0,172.0,234.0,268.0,123.0,148.0,80.0,71.0,95.0
TX,48001,Anderson County,57735,0.0,0.0,0.0,0.0,1.0,3.0,19.0,27.0,16.0,25.0,922.0,139.0,910.0,291.0,63.0,103.0,225.0,85.0,56.0,76.0
TX,48003,Andrews County,18705,0.0,0.0,0.0,0.0,0.0,13.0,6.0,3.0,5.0,0.0,19.0,74.0,92.0,61.0,73.0,28.0,32.0,19.0,93.0,110.0
TX,48005,Angelina County,86715,0.0,0.0,0.0,0.0,5.0,12.0,32.0,68.0,76.0,88.0,145.0,184.0,624.0,521.0,175.0,83.0,59.0,91.0,58.0,83.0
TX,48007,Aransas County,23510,0.0,0.0,0.0,0.0,0.0,2.0,0.0,0.0,3.0,0.0,5.0,36.0,65.0,51.0,28.0,25.0,92.0,16.0,17.0,10.0
TX,48009,Archer County,8553,0.0,0.0,0.0,0.0,0.0,0.0,0.0,0.0,1.0,2.0,2.0,5.0,3.0,7.0,13.0,20.0,14.0,20.0,16.0,51.0
TX,48011,Armstrong County,1887,0.0,0.0,0.0,0.0,0.0,1.0,1.0,0.0,0.0,0.0,1.0,0.0,0.0,4.0,1.0,3.0,1.0,1.0,5.0,9.0
TX,48013,Atascosa County,51153,0.0,0.0,0.0,0.0,2.0,7.0,7.0,11.0,8.0,7.0,42.0,68.0,227.0,40.0,100.0,53.0,49.0,526.0,105.0,33.0
TX,48015,Austin County,30032,0.0,0.0,0.0,0.0,2.0,10.0,1.0,2.0,9.0,7.0,26.0,48.0,64.0,49.0,126.0,75.0,48.0,30.0,7.0,10.0
TX,48017,Bailey County,7000,0.0,0.0,0.0,0.0,0.0,0.0,0.0,3.0,11.0,14.0,58.0,23.0,17.0,40.0,29.0,7.0,3.0,21.0,20.0,50.0
TX,48019,Bandera County,23112,0.0,0.0,0.0,0.0,0.0,2.0,4.0,0.0,0.0,0.0,9.0,12.0,27.0,35.0,13.0,7.0,3.0,48.0,18.0,7.0
TX,48021,Bastrop County,88723,0.0,0.0,0.0,0.0,8.0,24.0,35.0,53.0,70.0,89.0,94.0,246.0,437.0,257.0,164.0,131.0,96.0,146.0,69.0,87.0
TX,48023,Baylor County,3509,0.0,0.0,0.0,0.0,0.0,0.0,0.0,0.0,0.0,1.0,0.0,0.0,1.0,6.0,4.0,2.0,0.0,6.0,16.0,7.0
TX,48025,Bee County,32565,0.0,0.0,0.0,0.0,0.0,3.0,2.0,1.0,3.0,17.0,10.0,62.0,170.0,428.0,733.0,192.0,170.0,25.0,15.0,27.0
TX,48027,Bell County,362924,0.0,0.0,0.0,1.0,45.0,64.0,70.0,51.0,98.0,178.0,418.0,809.0,1141.0,805.0,743.0,473.0,323.0,332.0,380.0,496.0
TX,48029,Bexar County,2003554,0.0,0.0,0.0,4.0,225.0,661.0,417.0,635.0,538.0,1033.0,3954.0,8413.0,17675.0,8059.0,2651.0,2648.0,3371.0,7548.0,2202.0,5188.0
TX,48031,Blanco County,11931,0.0,0.0,0.0,0.0,1.0,3.0,2.0,0.0,2.0,3.0,15.0,23.0,27.0,22.0,24.0,7.0,6.0,10.0,7.0,10.0
TX,48033,Borden County,654,0.0,0.0,0.0,0.0,0.0,0.0,0.0,0.0,0.0,0.0,0.0,0.0,0.0,0.0,0.0,0.0,0.0,1.0,0.0,1.0
TX,48035,Bosque County,18685,0.0,0.0,0.0,0.0,0.0,1.0,3.0,2.0,0.0,1.0,3.0,23.0,50.0,53.0,52.0,41.0,44.0,66.0,40.0,29.0
TX,48037,Bowie County,93245,0.0,0.0,0.0,1.0,8.0,28.0,32.0,13.0,74.0,202.0,48.0,61.0,182.0,58.0,105.0,156.0,245.0,194.0,205.0,332.0
TX,48039,Brazoria County,374264,0.0,0.0,0.0,2.0,107.0,150.0,217.0,210.0,167.0,179.0,806.0,1198.0,2032.0,1819.0,1480.0,1224.0,1181.0,668.0,407.0,486.0
TX,48041,Brazos County,229211,0.0,0.0,0.0,1.0,52.0,96.0,39.0,99.0,157.0,221.0,640.0,1321.0,816.0,511.0,253.0,566.0,1035.0,646.0,601.0,510.0
TX,48043,Brewster County,9203,0.0,0.0,0.0,0.0,0.0,0.0,0.0,1.0,0.0,0.0,60.0,86.0,15.0,24.0,1.0,16.0,10.0,7.0,25.0,4.0
TX,48045,Briscoe County,1546,0.0,0.0,0.0,0.0,0.0,0.0,0.0,1.0,0.0,0.0,0.0,7.0,1.0,2.0,1.0,0.0,0.0,2.0,2.0,6.0
TX,48047,Brooks County,7093,0.0,0.0,0.0,0.0,0.0,0.0,1.0,0.0,0.0,0.0,2.0,15.0,39.0,37.0,58.0,87.0,47.0,34.0,21.0,17.0
TX,48049,Brown County,37864,0.0,0.0,0.0,0.0,3.0,8.0,23.0,17.0,6.0,3.0,5.0,52.0,182.0,57.0,71.0,56.0,46.0,57.0,25.0,63.0
TX,48051,Burleson County,18443,0.0,0.0,0.0,0.0,1.0,7.0,4.0,4.0,6.0,17.0,28.0,53.0,81.0,34.0,30.0,28.0,28.0,24.0,52.0,70.0
TX,48053,Burnet County,48155,0.0,0.0,0.0,0.0,3.0,4.0,9.0,12.0,2.0,25.0,45.0,103.0,158.0,183.0,42.0,77.0,30.0,55.0,94.0,205.0
TX,48055,Caldwell County,43664,0.0,0.0,0.0,0.0,1.0,5.0,5.0,22.0,19.0,29.0,205.0,253.0,365.0,192.0,99.0,53.0,193.0,100.0,125.0,34.0
TX,48057,Calhoun County,21290,0.0,0.0,0.0,0.0,7.0,12.0,11.0,6.0,1.0,5.0,16.0,55.0,164.0,234.0,51.0,49.0,6.0,206.0,52.0,55.0
TX,48059,Callahan County,13943,0.0,0.0,0.0,0.0,0.0,1.0,1.0,5.0,2.0,1.0,6.0,9.0,12.0,9.0,10.0,15.0,10.0,12.0,11.0,27.0
TX,48061,Cameron County,423163,0.0,0.0,0.0,0.0,37.0,202.0,148.0,157.0,167.0,240.0,807.0,1239.0,3523.0,8598.0,3220.0,2873.0,1011.0,603.0,734.0,591.0
TX,48063,Camp County,13094,0.0,0.0,0.0,0.0,1.0,4.0,1.0,5.0,47.0,37.0,18.0,15.0,47.0,44.0,43.0,54.0,24.0,19.0,17.0,23.0
TX,48065,Carson County,5926,0.0,0.0,0.0,0.0,0.0,0.0,2.0,1.0,3.0,0.0,0.0,1.0,3.0,4.0,3.0,0.0,1.0,10.0,16.0,10.0
TX,48067,Cass County,30026,0.0,0.0,0.0,0.0,3.0,2.0,8.0,4.0,8.0,7.0,4.0,16.0,44.0,64.0,53.0,48.0,42.0,72.0,59.0,99.0
TX,48069,Castro County,7530,0.0,0.0,0.0,0.0,8.0,3.0,2.0,11.0,8.0,5.0,28.0,42.0,39.0,42.0,21.0,20.0,13.0,20.0,14.0,35.0
TX,48071,Chambers County,43837,0.0,0.0,0.0,0.0,9.0,22.0,10.0,9.0,12.0,24.0,95.0,273.0,302.0,168.0,130.0,101.0,75.0,112.0,130.0,93.0
TX,48073,Cherokee County,52646,0.0,0.0,0.0,0.0,4.0,3.0,7.0,13.0,17.0,10.0,28.0,188.0,313.0,249.0,452.0,143.0,75.0,62.0,31.0,47.0
TX,48075,Childress County,7306,0.0,0.0,0.0,0.0,0.0,0.0,1.0,1.0,0.0,4.0,1.0,0.0,7.0,22.0,15.0,6.0,7.0,10.0,13.0,35.0
TX,48077,Clay County,10471,0.0,0.0,0.0,0.0,1.0,2.0,0.0,0.0,0.0,2.0,0.0,8.0,7.0,16.0,14.0,19.0,4.0,6.0,10.0,28.0
TX,48079,Cochran County,2853,0.0,0.0,0.0,0.0,0.0,0.0,1.0,0.0,0.0,0.0,0.0,3.0,5.0,22.0,4.0,2.0,10.0,5.0,25.0,32.0
TX,48081,Coke County,3387,0.0,0.0,0.0,0.0,0.0,0.0,0.0,1.0,0.0,0.0,4.0,0.0,9.0,26.0,3.0,6.0,1.0,3.0,26.0,48.0
TX,48083,Coleman County,8175,0.0,0.0,0.0,0.0,0.0,0.0,0.0,2.0,0.0,1.0,0.0,1.0,3.0,9.0,21.0,17.0,8.0,17.0,3.0,11.0
TX,48085,Collin County,1034730,0.0,0.0,0.0,6.0,201.0,287.0,198.0,271.0,226.0,357.0,813.0,1466.0,1789.0,1124.0,3641.0,740.0,1363.0,1440.0,2566.0,1527.0
TX,48087,Collingsworth County,2920,0.0,0.0,0.0,0.0,0.0,0.0,0.0,4.0,1.0,0.0,0.0,1.0,0.0,1.0,8.0,1.0,2.0,1.0,0.0,2.0
TX,48089,Colorado County,21493,0.0,0.0,0.0,0.0,2.0,5.0,3.0,8.0,3.0,6.0,31.0,53.0,105.0,41.0,113.0,78.0,15.0,21.0,10.0,8.0
TX,48091,Comal County,156209,0.0,0.0,0.0,0.0,11.0,28.0,13.0,16.0,15.0,51.0,198.0,418.0,656.0,314.0,480.0,182.0,177.0,185.0,49.0,79.0
TX,48093,Comanche County,13635,0.0,0.0,0.0,0.0,1.0,2.0,0.0,0.0,6.0,3.0,2.0,11.0,26.0,70.0,61.0,36.0,36.0,55.0,26.0,33.0
TX,48095,Concho County,2726,0.0,0.0,0.0,0.0,0.0,1.0,0.0,0.0,0.0,0.0,1.0,9.0,9.0,6.0,9.0,23.0,8.0,68.0,4.0,5.0
TX,48097,Cooke County,41257,0.0,0.0,0.0,0.0,0.0,2.0,5.0,6.0,0.0,7.0,10.0,45.0,81.0,50.0,76.0,49.0,56.0,73.0,33.0,68.0
TX,48099,Coryell County,75951,0.0,0.0,0.0,0.0,1.0,59.0,45.0,112.0,10.0,69.0,25.0,32.0,119.0,164.0,103.0,693.0,345.0,54.0,83.0,58.0
TX,48101,Cottle County,1398,0.0,0.0,0.0,0.0,0.0,0.0,2.0,2.0,0.0,0.0,0.0,0.0,2.0,8.0,4.0,0.0,7.0,4.0,4.0,7.0
TX,48103,Crane County,4797,0.0,0.0,0.0,0.0,2.0,0.0,0.0,0.0,20.0,9.0,17.0,14.0,3.0,5.0,0.0,1.0,0.0,1.0,1.0,4.0
TX,48105,Crockett County,3464,0.0,0.0,0.0,0.0,0.0,0.0,0.0,0.0,0.0,5.0,0.0,11.0,102.0,37.0,2.0,5.0,2.0,0.0,2.0,0.0
TX,48107,Crosby County,5737,0.0,0.0,0.0,0.0,0.0,1.0,1.0,0.0,1.0,1.0,9.0,17.0,7.0,21.0,14.0,9.0,2.0,5.0,7.0,21.0
TX,48109,Culberson County,2171,0.0,0.0,0.0,0.0,0.0,0.0,0.0,0.0,0.0,0.0,3.0,1.0,9.0,3.0,6.0,13.0,12.0,8.0,22.0,24.0
TX,48111,Dallam County,7287,0.0,0.0,0.0,0.0,0.0,2.0,8.0,7.0,5.0,10.0,43.0,29.0,54.0,25.0,16.0,11.0,13.0,34.0,50.0,64.0
TX,48113,Dallas County,2635516,0.0,0.0,0.0,15.0,716.0,1255.0,1254.0,3119.0,2829.0,3457.0,5099.0,10387.0,14895.0,9105.0,13934.0,6187.0,3586.0,6323.0,5220.0,6977.0
TX,48115,Dawson County,12728,0.0,0.0,0.0,0.0,3.0,5.0,13.0,11.0,8.0,5.0,0.0,25.0,42.0,25.0,40.0,51.0,88.0,117.0,233.0,185.0
TX,48117,Deaf Smith County,18546,0.0,0.0,0.0,0.0,2.0,9.0,15.0,66.0,66.0,32.0,72.0,121.0,103.0,143.0,125.0,54.0,40.0,52.0,60.0,80.0
TX,48119,Delta County,5331,0.0,0.0,0.0,0.0,0.0,1.0,0.0,0.0,0.0,1.0,3.0,2.0,5.0,4.0,1.0,0.0,6.0,5.0,4.0,3.0
TX,48121,Denton County,887207,0.0,0.0,0.0,11.0,220.0,316.0,191.0,230.0,287.0,304.0,743.0,1157.0,1857.0,1811.0,1457.0,1655.0,986.0,923.0,899.0,1500.0
TX,48123,DeWitt County,20160,0.0,0.0,0.0,0.0,4.0,6.0,5.0,2.0,0.0,7.0,18.0,68.0,332.0,199.0,122.0,87.0,95.0,51.0,57.0,33.0
TX,48125,Dickens County,2211,0.0,0.0,0.0,0.0,0.0,1.0,0.0,0.0,0.0,0.0,1.0,0.0,2.0,0.0,1.0,34.0,9.0,2.0,1.0,0.0
TX,48127,Dimmit County,10124,0.0,0.0,0.0,0.0,0.0,1.0,0.0,0.0,0.0,0.0,2.0,15.0,43.0,77.0,30.0,15.0,8.0,66.0,15.0,20.0
TX,48129,Donley County,3278,0.0,0.0,0.0,0.0,0.0,22.0,2.0,1.0,1.0,1.0,0.0,1.0,9.0,8.0,4.0,6.0,4.0,7.0,12.0,8.0
TX,48131,Duval County,11157,0.0,0.0,0.0,0.0,0.0,1.0,1.0,3.0,0.0,0.0,2.0,60.0,42.0,52.0,50.0,120.0,81.0,36.0,18.0,23.0
TX,48133,Eastland County,18360,0.0,0.0,0.0,0.0,3.0,0.0,0.0,0.0,3.0,1.0,1.0,5.0,21.0,29.0,35.0,19.0,39.0,27.0,32.0,38.0
TX,48135,Ector County,166223,0.0,0.0,0.0,0.0,11.0,35.0,32.0,22.0,52.0,62.0,182.0,550.0,697.0,724.0,254.0,231.0,138.0,172.0,212.0,439.0
TX,48137,Edwards County,1932,0.0,0.0,0.0,0.0,0.0,0.0,0.0,0.0,0.0,0.0,0.0,2.0,16.0,7.0,5.0,4.0,0.0,32.0,0.0,6.0
TX,48139,Ellis County,184826,0.0,0.0,0.0,0.0,20.0,56.0,67.0,78.0,69.0,128.0,266.0,667.0,778.0,562.0,736.0,401.0,308.0,315.0,187.0,330.0
TX,48141,El Paso County,839238,0.0,0.0,0.0,3.0,47.0,296.0,511.0,556.0,1048.0,1121.0,1227.0,3226.0,4262.0,3130.0,3487.0,1697.0,1215.0,2620.0,5441.0,13538.0
TX,48143,Erath County,42698,0.0,0.0,0.0,0.0,2.0,10.0,0.0,2.0,2.0,13.0,40.0,117.0,128.0,175.0,113.0,102.0,83.0,96.0,53.0,100.0
TX,48145,Falls County,17297,0.0,0.0,0.0,0.0,1.0,0.0,3.0,2.0,0.0,7.0,12.0,19.0,34.0,36.0,35.0,20.0,32.0,87.0,332.0,55.0
TX,48147,Fannin County,35514,0.0,0.0,0.0,0.0,1.0,4.0,13.0,6.0,13.0,13.0,32.0,40.0,59.0,56.0,118.0,251.0,50.0,35.0,30.0,72.0
TX,48149,Fayette County,25346,0.0,0.0,0.0,0.0,4.0,8.0,2.0,12.0,6.0,7.0,36.0,59.0,119.0,48.0,31.0,43.0,63.0,49.0,17.0,20.0
TX,48151,Fisher County,3830,0.0,0.0,0.0,0.0,0.0,0.0,0.0,0.0,2.0,0.0,0.0,9.0,12.0,3.0,16.0,17.0,4.0,3.0,17.0,23.0
TX,48153,Floyd County,5712,0.0,0.0,0.0,0.0,0.0,2.0,1.0,1.0,3.0,9.0,5.0,28.0,14.0,23.0,10.0,3.0,2.0,10.0,6.0,11.0
TX,48155,Foard County,1155,0.0,0.0,0.0,0.0,0.0,0.0,0.0,0.0,0.0,0.0,0.0,0.0,1.0,1.0,1.0,0.0,5.0,5.0,6.0,3.0
TX,48157,Fort Bend County,811688,0.0,0.0,0.0,9.0,185.0,433.0,346.0,431.0,328.0,493.0,951.0,1170.0,1784.0,1737.0,5167.0,1949.0,516.0,888.0,579.0,590.0
TX,48159,Franklin County,10725,0.0,0.0,0.0,0.0,1.0,0.0,0.0,2.0,10.0,9.0,13.0,18.0,17.0,19.0,10.0,17.0,10.0,9.0,31.0,55.0
TX,48161,Freestone County,19717,0.0,0.0,0.0,0.0,0.0,1.0,2.0,4.0,3.0,2.0,8.0,39.0,49.0,34.0,49.0,195.0,11.0,18.0,16.0,25.0
TX,48163,Frio County,20306,0.0,0.0,0.0,0.0,0.0,1.0,6.0,27.0,3.0,17.0,103.0,82.0,143.0,113.0,109.0,37.0,29.0,309.0,22.0,16.0
TX,48165,Gaines County,21492,0.0,0.0,0.0,0.0,1.0,1.0,0.0,2.0,3.0,2.0,5.0,22.0,32.0,77.0,64.0,49.0,42.0,43.0,89.0,94.0
TX,48167,Galveston County,342139,0.0,0.0,0.0,2.0,104.0,286.0,162.0,134.0,75.0,288.0,989.0,2769.0,2670.0,1627.0,1029.0,478.0,724.0,333.0,309.0,511.0
TX,48169,Garza County,6229,0.0,0.0,0.0,0.0,0.0,0.0,0.0,4.0,1.0,1.0,1.0,11.0,64.0,17.0,2.0,1.0,1.0,2.0,7.0,11.0
TX,48171,Gillespie County,26988,0.0,0.0,0.0,0.0,0.0,1.0,0.0,3.0,1.0,0.0,24.0,24.0,80.0,41.0,17.0,11.0,9.0,103.0,26.0,23.0
TX,48173,Glasscock County,1409,0.0,0.0,0.0,0.0,0.0,0.0,0.0,1.0,0.0,0.0,4.0,1.0,0.0,0.0,0.0,0.0,1.0,2.0,2.0,2.0
TX,48175,Goliad County,7658,0.0,0.0,0.0,0.0,0.0,5.0,2.0,0.0,0.0,0.0,0.0,8.0,37.0,25.0,44.0,0.0,31.0,3.0,2.0,9.0
TX,48177,Gonzales County,20837,0.0,0.0,0.0,0.0,1.0,1.0,16.0,44.0,38.0,55.0,76.0,83.0,185.0,147.0,103.0,68.0,5.0,236.0,31.0,26.0
TX,48179,Gray County,21886,0.0,0.0,0.0,0.0,1.0,12.0,29.0,35.0,19.0,10.0,7.0,13.0,15.0,64.0,27.0,12.0,28.0,45.0,57.0,121.0
TX,48181,Grayson County,136212,0.0,0.0,0.0,0.0,8.0,11.0,8.0,85.0,198.0,79.0,148.0,151.0,192.0,171.0,271.0,205.0,217.0,164.0,283.0,441.0
TX,48183,Gregg County,123945,0.0,0.0,0.0,1.0,5.0,40.0,23.0,67.0,61.0,76.0,40.0,339.0,470.0,226.0,371.0,207.0,159.0,180.0,122.0,181.0
TX,48185,Grimes County,28880,0.0,0.0,0.0,0.0,3.0,4.0,9.0,38.0,57.0,141.0,60.0,305.0,149.0,92.0,78.0,59.0,66.0,27.0,45.0,56.0
TX,48187,Guadalupe County,166847,0.0,0.0,0.0,0.0,17.0,33.0,30.0,19.0,25.0,27.0,316.0,434.0,511.0,238.0,166.0,85.0,47.0,1649.0,177.0,114.0
TX,48189,Hale County,33406,0.0,0.0,0.0,0.0,1.0,10.0,13.0,16.0,16.0,11.0,111.0,414.0,382.0,270.0,276.0,124.0,125.0,140.0,189.0,461.0
TX,48191,Hall County,2964,0.0,0.0,0.0,0.0,0.0,0.0,0.0,0.0,2.0,0.0,0.0,0.0,2.0,6.0,5.0,1.0,4.0,14.0,2.0,8.0
TX,48193,Hamilton County,8461,0.0,0.0,0.0,0.0,0.0,3.0,2.0,1.0,1.0,3.0,9.0,7.0,23.0,6.0,40.0,10.0,5.0,35.0,31.0,25.0
TX,48195,Hansford County,5399,0.0,0.0,0.0,0.0,0.0,1.0,4.0,8.0,5.0,3.0,3.0,7.0,14.0,13.0,40.0,4.0,6.0,17.0,59.0,7.0
TX,48197,Hardeman County,3933,0.0,0.0,0.0,0.0,0.0,0.0,0.0,0.0,1.0,3.0,0.0,1.0,5.0,7.0,5.0,0.0,2.0,1.0,24.0,14.0
TX,48199,Hardin County,57602,0.0,0.0,0.0,0.0,13.0,52.0,34.0,16.0,21.0,8.0,61.0,98.0,321.0,278.0,254.0,10.0,133.0,51.0,31.0,67.0
TX,48201,Harris County,4713325,0.0,0.0,0.0,10.0,670.0,3227.0,2079.0,2430.0,2865.0,3957.0,9183.0,14890.0,19169.0,21063.0,14329.0,13618.0,12846.0,21979.0,9565.0,7737.0
TX,48203,Harrison County,66553,0.0,0.0,0.0,0.0,3.0,31.0,50.0,108.0,44.0,23.0,20.0,110.0,138.0,117.0,109.0,56.0,37.0,59.0,74.0,111.0
TX,48205,Hartley County,5576,0.0,0.0,0.0,0.0,0.0,0.0,4.0,5.0,2.0,1.0,1.0,27.0,32.0,10.0,15.0,5.0,10.0,23.0,23.0,13.0
TX,48207,Haskell County,5658,0.0,0.0,0.0,0.0,0.0,0.0,0.0,0.0,2.0,1.0,1.0,2.0,19.0,14.0,11.0,5.0,4.0,10.0,5.0,9.0
TX,48209,Hays County,230191,0.0,0.0,0.0,1.0,37.0,55.0,68.0,53.0,65.0,186.0,1536.0,1242.0,761.0,927.0,261.0,218.0,255.0,261.0,158.0,25.0
TX,48211,Hemphill County,3819,0.0,0.0,0.0,0.0,0.0,1.0,0.0,0.0,0.0,0.0,2.0,14.0,10.0,15.0,5.0,11.0,14.0,2.0,40.0,31.0
TX,48213,Henderson County,82737,0.0,0.0,0.0,0.0,1.0,10.0,13.0,23.0,9.0,15.0,33.0,111.0,229.0,165.0,117.0,104.0,75.0,79.0,125.0,186.0
TX,48215,Hidalgo County,868707,0.0,0.0,0.0,0.0,62.0,155.0,98.0,88.0,113.0,288.0,1326.0,3317.0,7679.0,5123.0,4577.0,4843.0,2052.0,2114.0,1779.0,1667.0
TX,48217,Hill County,36649,0.0,0.0,0.0,0.0,2.0,6.0,8.0,5.0,3.0,6.0,20.0,67.0,98.0,98.0,30.0,35.0,192.0,122.0,43.0,96.0
TX,48219,Hockley County,23021,0.0,0.0,0.0,0.0,7.0,8.0,4.0,3.0,5.0,0.0,6.0,63.0,47.0,48.0,39.0,42.0,38.0,50.0,74.0,231.0
TX,48221,Hood County,61643,0.0,0.0,0.0,0.0,6.0,9.0,3.0,4.0,4.0,5.0,14.0,109.0,118.0,218.0,174.0,125.0,80.0,100.0,76.0,149.0
TX,48223,Hopkins County,37084,0.0,0.0,0.0,0.0,3.0,1.0,0.0,4.0,13.0,18.0,12.0,27.0,59.0,46.0,40.0,27.0,42.0,72.0,106.0,202.0
TX,48225,Houston County,22968,0.0,0.0,0.0,0.0,0.0,0.0,5.0,16.0,19.0,107.0,10.0,17.0,50.0,83.0,16.0,18.0,18.0,15.0,14.0,39.0
TX,48227,Howard County,36664,0.0,0.0,0.0,0.0,0.0,1.0,3.0,2.0,0.0,11.0,15.0,28.0,44.0,58.0,64.0,54.0,161.0,382.0,175.0,204.0
TX,48229,Hudspeth County,4886,0.0,0.0,0.0,0.0,0.0,0.0,0.0,0.0,1.0,10.0,3.0,2.0,2.0,4.0,14.0,3.0,6.0,7.0,15.0,39.0
TX,48231,Hunt County,98594,0.0,0.0,0.0,0.0,1.0,21.0,22.0,14.0,18.0,56.0,187.0,297.0,282.0,207.0,196.0,128.0,102.0,131.0,154.0,203.0
TX,48233,Hutchinson County,20938,0.0,0.0,0.0,0.0,0.0,3.0,10.0,12.0,5.0,14.0,10.0,16.0,26.0,24.0,13.0,15.0,28.0,48.0,47.0,56.0
TX,48235,Irion County,1536,0.0,0.0,0.0,0.0,0.0,0.0,0.0,0.0,0.0,1.0,0.0,1.0,2.0,5.0,0.0,1.0,0.0,0.0,3.0,0.0
TX,48237,Jack County,8935,0.0,0.0,0.0,0.0,0.0,3.0,1.0,0.0,0.0,0.0,3.0,5.0,11.0,24.0,55.0,25.0,2.0,11.0,4.0,9.0
TX,48239,Jackson County,14760,0.0,0.0,0.0,0.0,1.0,3.0,2.0,9.0,2.0,2.0,8.0,41.0,91.0,221.0,63.0,60.0,20.0,84.0,26.0,19.0
TX,48241,Jasper County,35529,0.0,0.0,0.0,0.0,0.0,6.0,6.0,7.0,9.0,4.0,9.0,28.0,26.0,207.0,68.0,36.0,40.0,34.0,25.0,10.0
TX,48243,Jeff Davis County,2274,0.0,0.0,0.0,0.0,0.0,0.0,0.0,0.0,0.0,0.0,0.0,4.0,3.0,1.0,0.0,5.0,1.0,0.0,3.0,6.0
TX,48245,Jefferson County,251565,0.0,0.0,0.0,0.0,27.0,113.0,158.0,98.0,110.0,678.0,302.0,1608.0,1528.0,1099.0,639.0,299.0,369.0,483.0,360.0,461.0
TX,48247,Jim Hogg County,5200,0.0,0.0,0.0,0.0,0.0,0.0,3.0,0.0,1.0,0.0,5.0,16.0,19.0,10.0,14.0,11.0,22.0,10.0,44.0,14.0
TX,48249,Jim Wells County,40482,0.0,0.0,0.0,0.0,0.0,2.0,1.0,4.0,2.0,6.0,35.0,180.0,219.0,209.0,221.0,178.0,341.0,87.0,39.0,96.0
TX,48251,Johnson County,175817,0.0,0.0,0.0,0.0,12.0,22.0,33.0,43.0,48.0,56.0,100.0,423.0,348.0,645.0,597.0,227.0,157.0,402.0,224.0,390.0
TX,48253,Jones County,20083,0.0,0.0,0.0,0.0,0.0,2.0,35.0,64.0,0.0,459.0,0.0,0.0,0.0,0.0,0.0,0.0,5.0,0.0,7.0,23.0
TX,48255,Karnes County,15601,0.0,0.0,0.0,0.0,2.0,1.0,0.0,0.0,1.0,0.0,11.0,45.0,111.0,220.0,302.0,53.0,6.0,186.0,4.0,13.0
TX,48257,Kaufman County,136154,0.0,0.0,0.0,0.0,4.0,29.0,50.0,50.0,66.0,109.0,182.0,384.0,443.0,690.0,600.0,220.0,154.0,203.0,128.0,259.0
TX,48259,Kendall County,47431,0.0,0.0,0.0,0.0,7.0,7.0,2.0,4.0,8.0,7.0,21.0,39.0,34.0,26.0,28.0,12.0,7.0,137.0,35.0,14.0
TX,48261,Kenedy County,404,0.0,0.0,0.0,0.0,0.0,0.0,0.0,0.0,0.0,0.0,0.0,1.0,2.0,3.0,1.0,0.0,0.0,0.0,0.0,4.0
TX,48263,Kent County,762,0.0,0.0,0.0,0.0,0.0,0.0,0.0,0.0,0.0,0.0,0.0,0.0,2.0,1.0,1.0,3.0,1.0,1.0,0.0,1.0
TX,48265,Kerr County,52600,0.0,0.0,0.0,0.0,1.0,2.0,2.0,4.0,8.0,3.0,30.0,65.0,164.0,105.0,35.0,19.0,4.0,150.0,58.0,54.0
TX,48267,Kimble County,4337,0.0,0.0,0.0,0.0,0.0,0.0,0.0,1.0,0.0,0.0,0.0,8.0,3.0,1.0,3.0,0.0,0.0,0.0,4.0,6.0
TX,48269,King County,272,0.0,0.0,0.0,0.0,0.0,0.0,0.0,0.0,0.0,0.0,0.0,0.0,0.0,0.0,0.0,0.0,0.0,0.0,1.0,0.0
TX,48271,Kinney County,3667,0.0,0.0,0.0,0.0,0.0,0.0,0.0,0.0,0.0,1.0,1.0,0.0,9.0,7.0,3.0,1.0,2.0,20.0,18.0,17.0
TX,48273,Kleberg County,30680,0.0,0.0,0.0,0.0,1.0,2.0,5.0,3.0,5.0,4.0,12.0,74.0,177.0,106.0,140.0,113.0,323.0,33.0,0.0,28.0
TX,48275,Knox County,3664,0.0,0.0,0.0,0.0,0.0,1.0,0.0,0.0,0.0,0.0,0.0,4.0,12.0,36.0,9.0,5.0,0.0,28.0,15.0,3.0
TX,48277,Lamar County,49859,0.0,0.0,0.0,0.0,3.0,4.0,44.0,53.0,30.0,24.0,72.0,117.0,136.0,146.0,114.0,48.0,217.0,212.0,290.0,310.0
TX,48279,Lamb County,12893,0.0,0.0,0.0,0.0,1.0,1.0,1.0,5.0,8.0,1.0,15.0,39.0,75.0,67.0,42.0,35.0,24.0,23.0,65.0,136.0
TX,48281,Lampasas County,21428,0.0,0.0,0.0,0.0,0.0,2.0,1.0,5.0,0.0,1.0,10.0,11.0,24.0,32.0,46.0,23.0,62.0,44.0,31.0,13.0
TX,48283,La Salle County,7520,0.0,0.0,0.0,0.0,0.0,0.0,1.0,2.0,1.0,0.0,4.0,33.0,298.0,7.0,0.0,0.0,0.0,0.0,3.0,27.0
TX,48285,Lavaca County,20154,0.0,0.0,0.0,1.0,0.0,3.0,1.0,2.0,4.0,9.0,79.0,99.0,312.0,108.0,38.0,30.0,19.0,283.0,89.0,82.0
TX,48287,Lee County,17239,0.0,0.0,0.0,0.0,0.0,2.0,0.0,4.0,5.0,18.0,24.0,35.0,37.0,38.0,23.0,10.0,15.0,17.0,6.0,8.0
TX,48289,Leon County,17404,0.0,0.0,0.0,0.0,2.0,2.0,1.0,4.0,0.0,2.0,8.0,59.0,47.0,13.0,21.0,42.0,24.0,24.0,48.0,57.0
TX,48291,Liberty County,88219,0.0,0.0,0.0,0.0,3.0,20.0,18.0,31.0,8.0,30.0,97.0,238.0,237.0,187.0,314.0,652.0,366.0,30.0,32.0,32.0
TX,48293,Limestone County,23437,0.0,0.0,0.0,0.0,2.0,9.0,1.0,3.0,8.0,11.0,8.0,32.0,55.0,72.0,119.0,145.0,71.0,39.0,64.0,40.0
TX,48295,Lipscomb County,3233,0.0,0.0,0.0,0.0,0.0,0.0,2.0,0.0,0.0,5.0,2.0,2.0,1.0,4.0,6.0,3.0,7.0,0.0,24.0,13.0
TX,48297,Live Oak County,12207,0.0,0.0,0.0,0.0,1.0,2.0,2.0,0.0,4.0,0.0,6.0,47.0,44.0,116.0,18.0,109.0,19.0,6.0,0.0,9.0
TX,48299,Llano County,21795,0.0,0.0,0.0,0.0,2.0,1.0,0.0,0.0,0.0,0.0,4.0,17.0,45.0,17.0,9.0,6.0,14.0,17.0,24.0,24.0
TX,48301,Loving County,169,0.0,0.0,0.0,0.0,0.0,0.0,0.0,0.0,0.0,0.0,0.0,0.0,0.0,0.0,0.0,0.0,0.0,0.0,0.0,0.0
TX,48303,Lubbock County,310569,0.0,0.0,0.0,0.0,100.0,267.0,140.0,98.0,69.0,85.0,788.0,1504.0,1605.0,1095.0,905.0,1098.0,2074.0,2124.0,2425.0,3638.0
TX,48305,Lynn County,5951,0.0,0.0,0.0,0.0,2.0,3.0,0.0,0.0,1.0,4.0,13.0,22.0,12.0,9.0,9.0,7.0,8.0,9.0,22.0,51.0
TX,48307,McCulloch County,7984,0.0,0.0,0.0,0.0,0.0,3.0,0.0,0.0,0.0,0.0,4.0,15.0,9.0,14.0,24.0,45.0,21.0,24.0,22.0,28.0
TX,48309,McLennan County,256623,0.0,0.0,0.0,0.0,44.0,30.0,13.0,9.0,16.0,26.0,283.0,1623.0,1531.0,1119.0,741.0,1019.0,777.0,891.0,1003.0,889.0
TX,48311,McMullen County,743,0.0,0.0,0.0,0.0,0.0,0.0,0.0,0.0,0.0,0.0,0.0,0.0,4.0,4.0,2.0,6.0,5.0,3.0,0.0,1.0
TX,48313,Madison County,14284,0.0,0.0,0.0,0.0,0.0,1.0,0.0,1.0,6.0,9.0,9.0,49.0,133.0,437.0,40.0,8.0,20.0,8.0,15.0,23.0
TX,48315,Marion County,9854,0.0,0.0,0.0,0.0,0.0,0.0,9.0,6.0,1.0,2.0,5.0,14.0,74.0,17.0,8.0,6.0,5.0,3.0,12.0,10.0
TX,48317,Martin County,5771,0.0,0.0,0.0,0.0,1.0,1.0,0.0,1.0,0.0,0.0,5.0,13.0,14.0,13.0,20.0,5.0,3.0,1.0,7.0,8.0
TX,48319,Mason County,4274,0.0,0.0,0.0,0.0,0.0,1.0,14.0,13.0,3.0,1.0,1.0,2.0,3.0,7.0,18.0,10.0,3.0,1.0,3.0,2.0
TX,48321,Matagorda County,36643,0.0,0.0,0.0,1.0,24.0,25.0,10.0,2.0,3.0,8.0,58.0,155.0,227.0,179.0,153.0,76.0,85.0,35.0,40.0,24.0
TX,48323,Maverick County,58722,0.0,0.0,0.0,0.0,1.0,9.0,6.0,25.0,56.0,45.0,108.0,300.0,733.0,569.0,744.0,739.0,200.0,177.0,126.0,394.0
TX,48325,Medina County,51584,0.0,0.0,0.0,1.0,2.0,10.0,6.0,26.0,23.0,148.0,38.0,81.0,191.0,89.0,441.0,76.0,42.0,49.0,23.0,30.0
TX,48327,Menard County,2138,0.0,0.0,0.0,0.0,0.0,0.0,0.0,0.0,0.0,0.0,3.0,9.0,4.0,1.0,2.0,1.0,6.0,0.0,12.0,34.0
TX,48329,Midland County,176832,0.0,0.0,0.0,0.0,16.0,19.0,40.0,37.0,13.0,52.0,277.0,522.0,273.0,1174.0,530.0,319.0,223.0,362.0,430.0,1007.0
TX,48331,Milam County,24823,0.0,0.0,0.0,0.0,2.0,6.0,6.0,6.0,8.0,9.0,31.0,52.0,137.0,70.0,64.0,49.0,31.0,30.0,19.0,28.0
TX,48333,Mills County,4873,0.0,0.0,0.0,0.0,0.0,0.0,0.0,0.0,1.0,0.0,0.0,2.0,7.0,6.0,11.0,8.0,11.0,13.0,11.0,6.0
TX,48335,Mitchell County,8545,0.0,0.0,0.0,0.0,0.0,1.0,0.0,0.0,0.0,0.0,2.0,15.0,16.0,24.0,13.0,2.0,9.0,10.0,30.0,71.0
TX,48337,Montague County,19818,0.0,0.0,0.0,0.0,1.0,4.0,1.0,3.0,0.0,0.0,8.0,7.0,13.0,24.0,28.0,45.0,27.0,27.0,20.0,76.0
TX,48339,Montgomery County,607391,0.0,0.0,0.0,3.0,107.0,221.0,231.0,180.0,171.0,209.0,615.0,917.0,2515.0,1228.0,930.0,1473.0,1382.0,591.0,1289.0,1082.0
TX,48341,Moore County,20940,0.0,0.0,0.0,0.0,1.0,51.0,243.0,213.0,10.0,346.0,17.0,28.0,52.0,74.0,61.0,27.0,17.0,43.0,59.0,96.0
TX,48343,Morris County,12388,0.0,0.0,0.0,0.0,1.0,2.0,2.0,4.0,13.0,5.0,10.0,11.0,20.0,30.0,37.0,23.0,16.0,15.0,9.0,30.0
TX,48345,Motley County,1200,0.0,0.0,0.0,0.0,0.0,1.0,0.0,0.0,0.0,0.0,0.0,1.0,0.0,2.0,2.0,1.0,0.0,2.0,2.0,6.0
TX,48347,Nacogdoches County,65204,0.0,0.0,0.0,0.0,4.0,60.0,77.0,83.0,37.0,54.0,38.0,126.0,314.0,274.0,159.0,144.0,114.0,142.0,85.0,92.0
TX,48349,Navarro County,50113,0.0,0.0,0.0,0.0,4.0,12.0,14.0,7.0,12.0,21.0,86.0,240.0,230.0,184.0,181.0,112.0,101.0,99.0,56.0,58.0
TX,48351,Newton County,13595,0.0,0.0,0.0,0.0,1.0,1.0,0.0,2.0,0.0,2.0,6.0,0.0,18.0,62.0,32.0,39.0,7.0,11.0,6.0,1.0
TX,48353,Nolan County,14714,0.0,0.0,0.0,0.0,0.0,0.0,1.0,1.0,0.0,1.0,13.0,33.0,61.0,22.0,10.0,12.0,38.0,70.0,78.0,80.0
TX,48355,Nueces County,362294,0.0,0.0,0.0,0.0,34.0,49.0,16.0,75.0,92.0,37.0,510.0,3659.0,4633.0,1305.0,3550.0,1185.0,361.0,417.0,143.0,140.0
TX,48357,Ochiltree County,9836,0.0,0.0,0.0,0.0,0.0,0.0,19.0,20.0,4.0,9.0,1.0,7.0,3.0,26.0,11.0,10.0,12.0,18.0,71.0,94.0
TX,48359,Oldham County,2112,0.0,0.0,0.0,0.0,2.0,1.0,0.0,0.0,0.0,1.0,0.0,0.0,8.0,2.0,0.0,1.0,0.0,3.0,6.0,3.0
TX,48361,Orange County,83396,0.0,0.0,0.0,0.0,7.0,39.0,24.0,14.0,12.0,6.0,62.0,251.0,369.0,585.0,270.0,128.0,77.0,155.0,44.0,144.0
TX,48363,Palo Pinto County,29189,0.0,0.0,0.0,0.0,0.0,5.0,2.0,2.0,2.0,2.0,4.0,35.0,56.0,128.0,152.0,40.0,58.0,95.0,49.0,96.0
TX,48365,Panola County,23194,0.0,0.0,0.0,0.0,0.0,22.0,58.0,69.0,24.0,14.0,9.0,22.0,34.0,21.0,28.0,19.0,35.0,33.0,47.0,40.0
TX,48367,Parker County,142878,0.0,0.0,0.0,0.0,3.0,13.0,14.0,17.0,21.0,37.0,72.0,296.0,281.0,406.0,342.0,160.0,130.0,229.0,180.0,289.0
TX,48369,Parmer County,9605,0.0,0.0,0.0,0.0,0.0,0.0,6.0,16.0,31.0,45.0,69.0,62.0,48.0,46.0,43.0,23.0,17.0,37.0,68.0,63.0
TX,48371,Pecos County,15823,0.0,0.0,0.0,0.0,0.0,5.0,4.0,11.0,7.0,80.0,6.0,22.0,50.0,41.0,41.0,36.0,49.0,25.0,37.0,94.0
TX,48373,Polk County,51353,0.0,0.0,0.0,0.0,4.0,7.0,8.0,21.0,13.0,9.0,26.0,117.0,328.0,160.0,79.0,6.0,33.0,52.0,34.0,17.0
TX,48375,Potter County,117415,0.0,0.0,0.0,0.0,10.0,69.0,351.0,897.0,924.0,515.0,72.0,170.0,255.0,308.0,295.0,232.0,300.0,1540.0,884.0,1185.0
TX,48377,Presidio County,6704,0.0,0.0,0.0,0.0,0.0,0.0,0.0,0.0,1.0,1.0,12.0,5.0,9.0,17.0,4.0,17.0,28.0,3.0,22.0,14.0
TX,48379,Rains County,12514,0.0,0.0,0.0,0.0,0.0,2.0,0.0,0.0,1.0,1.0,4.0,8.0,13.0,18.0,8.0,5.0,3.0,8.0,6.0,16.0
TX,48381,Randall County,137713,0.0,0.0,0.0,0.0,6.0,67.0,127.0,213.0,239.0,88.0,53.0,178.0,384.0,291.0,332.0,258.0,279.0,467.0,973.0,1263.0
TX,48383,Reagan County,3849,0.0,0.0,0.0,0.0,0.0,0.0,0.0,0.0,1.0,1.0,0.0,13.0,36.0,10.0,7.0,18.0,0.0,1.0,2.0,6.0
TX,48385,Real County,3452,0.0,0.0,0.0,0.0,0.0,0.0,0.0,0.0,0.0,1.0,0.0,3.0,9.0,73.0,5.0,14.0,0.0,3.0,0.0,17.0
TX,48387,Red River County,12023,0.0,0.0,0.0,0.0,0.0,0.0,1.0,27.0,22.0,33.0,16.0,18.0,12.0,6.0,5.0,6.0,12.0,6.0,11.0,24.0
TX,48389,Reeves County,15976,0.0,0.0,0.0,0.0,0.0,0.0,0.0,1.0,6.0,4.0,6.0,42.0,40.0,44.0,14.0,15.0,14.0,14.0,30.0,41.0
TX,48391,Refugio County,6948,0.0,0.0,0.0,0.0,0.0,0.0,0.0,3.0,0.0,2.0,4.0,28.0,81.0,98.0,30.0,26.0,29.0,4.0,0.0,6.0
TX,48393,Roberts County,854,0.0,0.0,0.0,0.0,0.0,0.0,2.0,0.0,0.0,0.0,1.0,3.0,0.0,0.0,0.0,2.0,1.0,2.0,3.0,0.0
TX,48395,Robertson County,17074,0.0,0.0,0.0,0.0,2.0,0.0,1.0,3.0,1.0,10.0,16.0,44.0,101.0,42.0,21.0,10.0,33.0,31.0,71.0,41.0
TX,48397,Rockwall County,104915,0.0,0.0,0.0,0.0,9.0,21.0,45.0,41.0,40.0,38.0,82.0,144.0,190.0,176.0,457.0,131.0,124.0,158.0,93.0,196.0
TX,48399,Runnels County,10264,0.0,0.0,0.0,0.0,0.0,0.0,1.0,1.0,0.0,0.0,3.0,12.0,30.0,69.0,50.0,42.0,34.0,36.0,8.0,16.0
TX,48401,Rusk County,54406,0.0,0.0,0.0,1.0,4.0,12.0,16.0,7.0,4.0,21.0,184.0,0.0,31.0,61.0,79.0,294.0,132.0,102.0,5.0,75.0
TX,48403,Sabine County,10542,0.0,0.0,0.0,0.0,0.0,0.0,1.0,2.0,2.0,10.0,6.0,7.0,8.0,15.0,18.0,4.0,4.0,4.0,5.0,13.0
TX,48405,San Augustine County,8237,0.0,0.0,0.0,0.0,1.0,8.0,7.0,6.0,9.0,18.0,50.0,15.0,28.0,15.0,24.0,11.0,5.0,7.0,4.0,13.0
TX,48407,San Jacinto County,28859,0.0,0.0,0.0,0.0,1.0,6.0,2.0,2.0,3.0,5.0,6.0,39.0,63.0,48.0,16.0,11.0,19.0,6.0,2.0,10.0
TX,48409,San Patricio County,66730,0.0,0.0,0.0,0.0,2.0,6.0,4.0,10.0,7.0,12.0,44.0,119.0,288.0,375.0,301.0,145.0,80.0,73.0,64.0,42.0
TX,48411,San Saba County,6055,0.0,0.0,0.0,0.0,0.0,0.0,0.0,0.0,1.0,0.0,3.0,3.0,6.0,9.0,7.0,9.0,5.0,23.0,37.0,14.0
TX,48413,Schleicher County,2793,0.0,0.0,0.0,0.0,0.0,0.0,0.0,0.0,0.0,0.0,12.0,9.0,12.0,2.0,1.0,2.0,13.0,2.0,0.0,2.0
TX,48415,Scurry County,16703,0.0,0.0,0.0,0.0,0.0,0.0,2.0,0.0,0.0,24.0,3.0,42.0,305.0,78.0,53.0,41.0,53.0,45.0,277.0,166.0
TX,48417,Shackelford County,3265,0.0,0.0,0.0,0.0,0.0,0.0,0.0,1.0,0.0,0.0,0.0,4.0,10.0,2.0,3.0,3.0,0.0,5.0,2.0,9.0
TX,48419,Shelby County,25274,0.0,0.0,0.0,0.0,2.0,44.0,55.0,62.0,24.0,28.0,45.0,28.0,44.0,58.0,26.0,26.0,16.0,25.0,49.0,18.0
TX,48421,Sherman County,3022,0.0,0.0,0.0,0.0,0.0,0.0,14.0,7.0,1.0,6.0,2.0,0.0,5.0,4.0,7.0,8.0,4.0,8.0,2.0,9.0
TX,48423,Smith County,232751,0.0,0.0,0.0,5.0,32.0,66.0,36.0,46.0,14.0,39.0,154.0,706.0,862.0,456.0,481.0,442.0,199.0,281.0,278.0,444.0
TX,48425,Somervell County,9128,0.0,0.0,0.0,0.0,0.0,0.0,0.0,0.0,0.0,1.0,4.0,15.0,19.0,26.0,40.0,14.0,15.0,12.0,5.0,8.0
TX,48427,Starr County,64633,0.0,0.0,0.0,0.0,4.0,3.0,2.0,5.0,12.0,35.0,294.0,488.0,632.0,550.0,444.0,313.0,496.0,154.0,45.0,85.0
TX,48429,Stephens County,9366,0.0,0.0,0.0,0.0,0.0,1.0,0.0,1.0,2.0,0.0,3.0,4.0,7.0,13.0,79.0,2.0,14.0,10.0,9.0,20.0
TX,48431,Sterling County,1291,0.0,0.0,0.0,0.0,0.0,0.0,0.0,0.0,0.0,0.0,0.0,0.0,0.0,0.0,1.0,3.0,0.0,1.0,5.0,7.0
TX,48433,Stonewall County,1350,0.0,0.0,0.0,0.0,0.0,0.0,0.0,0.0,0.0,0.0,0.0,0.0,4.0,1.0,2.0,2.0,1.0,4.0,3.0,2.0
TX,48435,Sutton County,3776,0.0,0.0,0.0,0.0,0.0,0.0,0.0,0.0,0.0,0.0,3.0,10.0,34.0,13.0,11.0,5.0,5.0,3.0,1.0,25.0
TX,48437,Swisher County,7397,0.0,0.0,0.0,0.0,1.0,3.0,5.0,4.0,4.0,1.0,6.0,21.0,24.0,10.0,6.0,9.0,3.0,10.0,19.0,23.0
TX,48439,Tarrant County,2102515,0.0,0.0,0.0,5.0,283.0,702.0,1098.0,1722.0,1229.0,1394.0,2953.0,6199.0,7080.0,7497.0,6528.0,2798.0,2720.0,4319.0,5149.0,6980.0
TX,48441,Taylor County,138034,0.0,0.0,0.0,0.0,14.0,60.0,132.0,7.0,17.0,18.0,65.0,260.0,374.0,159.0,72.0,144.0,84.0,102.0,148.0,441.0
TX,48443,Terrell County,776,0.0,0.0,0.0,0.0,0.0,0.0,0.0,0.0,0.0,0.0,1.0,1.0,0.0,0.0,1.0,0.0,0.0,0.0,0.0,1.0
TX,48445,Terry County,12337,0.0,0.0,0.0,0.0,4.0,6.0,0.0,2.0,1.0,0.0,1.0,30.0,23.0,58.0,57.0,24.0,17.0,19.0,142.0,151.0
TX,48447,Throckmorton County,1501,0.0,0.0,0.0,0.0,0.0,0.0,0.0,0.0,0.0,0.0,0.0,1.0,1.0,2.0,0.0,1.0,1.0,2.0,6.0,5.0
TX,48449,Titus County,32750,0.0,0.0,0.0,0.0,0.0,8.0,7.0,44.0,288.0,215.0,103.0,178.0,182.0,153.0,98.0,95.0,49.0,42.0,55.0,82.0
TX,48451,Tom Green County,119200,0.0,0.0,0.0,0.0,9.0,30.0,5.0,15.0,5.0,18.0,124.0,389.0,676.0,388.0,234.0,159.0,109.0,113.0,145.0,191.0
TX,48453,Travis County,1273954,0.0,0.0,0.0,21.0,223.0,733.0,562.0,696.0,749.0,992.0,2620.0,5812.0,5986.0,3428.0,2937.0,1764.0,1438.0,1460.0,977.0,1377.0
TX,48455,Trinity County,14651,0.0,0.0,0.0,0.0,0.0,4.0,4.0,3.0,2.0,4.0,9.0,22.0,59.0,46.0,14.0,12.0,10.0,8.0,2.0,7.0
TX,48457,Tyler County,21672,0.0,0.0,0.0,0.0,0.0,3.0,3.0,1.0,4.0,3.0,7.0,9.0,20.0,65.0,42.0,28.0,22.0,21.0,20.0,21.0
TX,48459,Upshur County,41753,0.0,0.0,0.0,0.0,2.0,7.0,4.0,4.0,2.0,16.0,11.0,32.0,64.0,58.0,83.0,46.0,37.0,27.0,49.0,56.0
TX,48461,Upton County,3657,0.0,0.0,0.0,0.0,0.0,0.0,0.0,0.0,0.0,0.0,2.0,5.0,6.0,3.0,0.0,3.0,3.0,3.0,0.0,2.0
TX,48463,Uvalde County,26741,0.0,0.0,0.0,0.0,4.0,2.0,0.0,0.0,0.0,15.0,21.0,137.0,173.0,154.0,109.0,89.0,39.0,47.0,24.0,19.0
TX,48465,Val Verde County,49025,0.0,0.0,0.0,0.0,5.0,7.0,0.0,1.0,1.0,7.0,64.0,302.0,270.0,675.0,443.0,182.0,0.0,246.0,147.0,212.0
TX,48467,Van Zandt County,56590,0.0,0.0,0.0,0.0,2.0,8.0,4.0,8.0,8.0,11.0,18.0,91.0,119.0,93.0,107.0,52.0,34.0,38.0,42.0,61.0
TX,48469,Victoria County,92084,0.0,0.0,0.0,0.0,16.0,73.0,38.0,23.0,7.0,23.0,166.0,988.0,1244.0,753.0,301.0,164.0,164.0,109.0,99.0,99.0
TX,48471,Walker County,72971,0.0,0.0,0.0,0.0,5.0,33.0,174.0,151.0,353.0,1126.0,108.0,199.0,500.0,189.0,364.0,168.0,197.0,168.0,101.0,91.0
TX,48473,Waller County,55246,0.0,0.0,0.0,0.0,3.0,17.0,10.0,7.0,18.0,30.0,43.0,77.0,113.0,99.0,133.0,125.0,126.0,57.0,79.0,47.0
TX,48475,Ward County,11998,0.0,0.0,0.0,0.0,0.0,0.0,0.0,0.0,1.0,1.0,7.0,20.0,38.0,17.0,16.0,9.0,10.0,15.0,13.0,17.0
TX,48477,Washington County,35882,0.0,0.0,0.0,0.0,17.0,24.0,99.0,35.0,21.0,17.0,28.0,92.0,93.0,72.0,50.0,25.0,43.0,25.0,26.0,35.0
TX,48479,Webb County,276652,0.0,0.0,0.0,1.0,44.0,178.0,126.0,95.0,77.0,113.0,369.0,1088.0,2185.0,2645.0,2936.0,1237.0,1639.0,1151.0,589.0,702.0
TX,48481,Wharton County,41556,0.0,0.0,0.0,0.0,7.0,24.0,5.0,6.0,14.0,30.0,58.0,107.0,195.0,198.0,405.0,152.0,77.0,94.0,36.0,25.0
TX,48483,Wheeler County,5056,0.0,0.0,0.0,0.0,0.0,0.0,7.0,7.0,1.0,0.0,1.0,3.0,9.0,4.0,7.0,3.0,1.0,5.0,3.0,32.0
TX,48485,Wichita County,132230,0.0,0.0,0.0,0.0,38.0,18.0,8.0,12.0,8.0,6.0,140.0,282.0,252.0,182.0,217.0,184.0,199.0,293.0,730.0,1183.0
TX,48487,Wilbarger County,12769,0.0,0.0,0.0,0.0,0.0,1.0,0.0,1.0,4.0,1.0,2.0,7.0,11.0,29.0,32.0,18.0,25.0,78.0,40.0,112.0
TX,48489,Willacy County,21358,0.0,0.0,0.0,0.0,2.0,4.0,7.0,1.0,0.0,31.0,69.0,129.0,277.0,124.0,143.0,79.0,328.0,4.0,0.0,34.0
TX,48491,Williamson County,590551,0.0,0.0,0.0,0.0,50.0,74.0,163.0,110.0,187.0,161.0,753.0,1653.0,1830.0,949.0,1651.0,388.0,283.0,390.0,401.0,436.0
TX,48493,Wilson County,51070,0.0,0.0,0.0,0.0,5.0,7.0,19.0,5.0,2.0,8.0,34.0,66.0,233.0,51.0,77.0,34.0,30.0,331.0,70.0,31.0
TX,48495,Winkler County,8010,0.0,0.0,0.0,0.0,0.0,2.0,1.0,0.0,0.0,0.0,5.0,30.0,20.0,12.0,18.0,7.0,14.0,9.0,8.0,23.0
TX,48497,Wise County,69984,0.0,0.0,0.0,0.0,3.0,4.0,10.0,18.0,10.0,10.0,33.0,69.0,93.0,115.0,204.0,96.0,40.0,66.0,60.0,99.0
TX,48499,Wood County,45539,0.0,0.0,0.0,0.0,1.0,5.0,1.0,8.0,10.0,26.0,26.0,38.0,81.0,117.0,60.0,35.0,64.0,54.0,53.0,60.0
TX,48501,Yoakum County,8713,0.0,0.0,0.0,0.0,0.0,0.0,1.0,1.0,1.0,5.0,7.0,25.0,15.0,35.0,39.0,26.0,43.0,26.0,54.0,22.0
TX,48503,Young County,18010,0.0,0.0,0.0,0.0,3.0,1.0,0.0,0.0,0.0,7.0,11.0,16.0,43.0,70.0,52.0,23.0,32.0,74.0,72.0,174.0
TX,48505,Zapata County,14179,0.0,0.0,0.0,0.0,0.0,4.0,3.0,0.0,1.0,4.0,28.0,23.0,52.0,50.0,66.0,50.0,40.0,12.0,9.0,10.0
TX,48507,Zavala County,11840,0.0,0.0,0.0,0.0,0.0,0.0,1.0,8.0,2.0,1.0,4.0,13.0,82.0,86.0,51.0,16.0,19.0,86.0,50.0,47.0
